[{"id":"user-image-Screenshot_2.png","publicUrl":"np://user.desktop.nicepage.com/Site_401703647/images/Screenshot_2.png","size":391920,"hash":"vOZiF9BrsolvTEkIXlNaU5dWEiY=","fileName":"Screenshot_2.png","name":"Screenshot_2","width":407,"height":725,"thumbnail":{"url":"np://user.desktop.nicepage.com/Site_401703647/images/thumbnails/Screenshot_2.png","width":140,"height":250},"folderId":null,"usages":["308404595"]},{"id":"user-image-Screenshot_1.png","publicUrl":"np://user.desktop.nicepage.com/Site_401703647/images/Screenshot_1.png","size":254151,"hash":"YSJFwZn7qDsdOcO+nPyNrmHu5y4=","fileName":"Screenshot_1.png","name":"Screenshot_1","width":246,"height":438,"thumbnail":{"url":"np://user.desktop.nicepage.com/Site_401703647/images/thumbnails/Screenshot_1.png","width":140,"height":250},"folderId":null,"usages":["308404595"]},{"id":"user-image-lok1.jpg","publicUrl":"np://user.desktop.nicepage.com/Site_401703647/images/lok1.jpg","size":149976,"hash":"PiQPF0GeGf0yMhSlAdN6NgAVrYY=","fileName":"lok1.jpg","name":"lok1","width":899,"height":1599,"thumbnail":{"url":"np://user.desktop.nicepage.com/Site_401703647/images/thumbnails/lok1.jpg","width":141,"height":250},"folderId":null,"usages":["308404595"]},{"id":"user-image-vlcsnap-2025-06-05-09h08m37s611.png","publicUrl":"np://user.desktop.nicepage.com/Site_401703647/images/vlcsnap-2025-06-05-09h08m37s611.png","size":1488137,"hash":"AL7VV7vZr6gRXeC1L4KsWSpLpJg=","fileName":"vlcsnap-2025-06-05-09h08m37s611.png","name":"vlcsnap-2025-06-05-09h08m37s611","width":1080,"height":1080,"thumbnail":{"url":"np://user.desktop.nicepage.com/Site_401703647/images/thumbnails/vlcsnap-2025-06-05-09h08m37s611.png","width":250,"height":250},"folderId":null,"usages":["308404595"]},{"id":"user-image-vlcsnap-2025-06-05-09h09m38s759.png","publicUrl":"np://user.desktop.nicepage.com/Site_401703647/images/vlcsnap-2025-06-05-09h09m38s759.png","size":652606,"hash":"kApwVNus+tMOL5Ay2m0WhAFxrVk=","fileName":"vlcsnap-2025-06-05-09h09m38s759.png","name":"vlcsnap-2025-06-05-09h09m38s759","width":720,"height":1280,"thumbnail":{"url":"np://user.desktop.nicepage.com/Site_401703647/images/thumbnails/vlcsnap-2025-06-05-09h09m38s759.png","width":141,"height":250},"folderId":null,"usages":["308404595"]},{"id":"user-image-WhatsAppImage2025-06-03at10.31.30_1fe6410e.jpg","publicUrl":"np://user.desktop.nicepage.com/Site_401703647/images/WhatsAppImage2025-06-03at10.31.30_1fe6410e.jpg","size":120548,"hash":"xSKD/wzvTsf6n3c+XkQw6+Su3Ww=","fileName":"WhatsAppImage2025-06-03at10.31.30_1fe6410e.jpg","name":"WhatsAppImage2025-06-03at10.31.30_1fe6410e","width":1080,"height":1080,"thumbnail":{"url":"np://user.desktop.nicepage.com/Site_401703647/images/thumbnails/WhatsAppImage2025-06-03at10.31.30_1fe6410e.jpg","width":250,"height":250},"folderId":null,"usages":["308404595"]},{"id":"user-image-WhatsAppImage2025-06-03at10.28.49_6cd37224.jpg","publicUrl":"np://user.desktop.nicepage.com/Site_401703647/images/WhatsAppImage2025-06-03at10.28.49_6cd37224.jpg","size":96374,"hash":"N5fRIq7w9UWyFCTKhcAvOWV4nwo=","fileName":"WhatsAppImage2025-06-03at10.28.49_6cd37224.jpg","name":"WhatsAppImage2025-06-03at10.28.49_6cd37224","width":899,"height":1599,"thumbnail":{"url":"np://user.desktop.nicepage.com/Site_401703647/images/thumbnails/WhatsAppImage2025-06-03at10.28.49_6cd37224.jpg","width":141,"height":250},"folderId":null,"usages":["308404595"]},{"id":"user-image-WhatsAppImage2025-06-03at10.32.19_62ab1ecd.jpg","publicUrl":"np://user.desktop.nicepage.com/Site_401703647/images/WhatsAppImage2025-06-03at10.32.19_62ab1ecd.jpg","size":198423,"hash":"pYsqVaW2CVui0SEP8AiB3vJva+I=","fileName":"WhatsAppImage2025-06-03at10.32.19_62ab1ecd.jpg","name":"WhatsAppImage2025-06-03at10.32.19_62ab1ecd","width":1280,"height":1600,"thumbnail":{"url":"np://user.desktop.nicepage.com/Site_401703647/images/thumbnails/WhatsAppImage2025-06-03at10.32.19_62ab1ecd.jpg","width":200,"height":250},"folderId":null,"usages":["308404595"]},{"id":"user-image-WhatsAppImage2025-06-03at10.20.40_cf95e3c1.jpg","publicUrl":"np://user.desktop.nicepage.com/Site_401703647/images/WhatsAppImage2025-06-03at10.20.40_cf95e3c1.jpg","size":756772,"hash":"fiaQba3owndgqsEcNPdo97Xau/o=","fileName":"WhatsAppImage2025-06-03at10.20.40_cf95e3c1.jpg","name":"WhatsAppImage2025-06-03at10.20.40_cf95e3c1","width":2268,"height":4032,"thumbnail":{"url":"np://user.desktop.nicepage.com/Site_401703647/images/thumbnails/WhatsAppImage2025-06-03at10.20.40_cf95e3c1.jpg","width":141,"height":250},"folderId":null,"usages":["308404595"]},{"id":"user-image-WhatsAppImage2025-06-03at10.20.40_94b41c49.jpg","publicUrl":"np://user.desktop.nicepage.com/Site_401703647/images/WhatsAppImage2025-06-03at10.20.40_94b41c49.jpg","size":375582,"hash":"nwpWBb4VCyKv1lOFNr56gsnIf+A=","fileName":"WhatsAppImage2025-06-03at10.20.40_94b41c49.jpg","name":"WhatsAppImage2025-06-03at10.20.40_94b41c49","width":4032,"height":2268,"thumbnail":{"url":"np://user.desktop.nicepage.com/Site_401703647/images/thumbnails/WhatsAppImage2025-06-03at10.20.40_94b41c49.jpg","width":250,"height":141},"folderId":null,"usages":["308404595"]},{"id":"user-image-WhatsAppImage2025-06-03at10.20.40_e48874b6.jpg","publicUrl":"np://user.desktop.nicepage.com/Site_401703647/images/WhatsAppImage2025-06-03at10.20.40_e48874b6.jpg","size":398837,"hash":"l9xTYgE58pqt0350e+oVuCQgPV8=","fileName":"WhatsAppImage2025-06-03at10.20.40_e48874b6.jpg","name":"WhatsAppImage2025-06-03at10.20.40_e48874b6","width":2268,"height":4032,"thumbnail":{"url":"np://user.desktop.nicepage.com/Site_401703647/images/thumbnails/WhatsAppImage2025-06-03at10.20.40_e48874b6.jpg","width":141,"height":250},"folderId":null,"usages":["308404595"]},{"id":"user-image-WhatsAppImage2025-06-03at10.20.39_3e444f27.jpg","publicUrl":"np://user.desktop.nicepage.com/Site_401703647/images/WhatsAppImage2025-06-03at10.20.39_3e444f27.jpg","size":341209,"hash":"WSVmgZaV8mjDpZcsQF99hv0hd+8=","fileName":"WhatsAppImage2025-06-03at10.20.39_3e444f27.jpg","name":"WhatsAppImage2025-06-03at10.20.39_3e444f27","width":2268,"height":4032,"thumbnail":{"url":"np://user.desktop.nicepage.com/Site_401703647/images/thumbnails/WhatsAppImage2025-06-03at10.20.39_3e444f27.jpg","width":141,"height":250},"folderId":null,"usages":["308404595"]},{"id":"user-image-bridal-hair.jpg","publicUrl":"np://user.desktop.nicepage.com/Site_401703647/images/bridal-hair.jpg","size":108543,"hash":"IEKJWqWO1hhJQutLdkUxNNtiw5g=","fileName":"bridal-hair.jpg","name":"bridal-hair","width":1200,"height":802,"thumbnail":{"url":"np://user.desktop.nicepage.com/Site_401703647/images/thumbnails/bridal-hair.jpg","width":250,"height":167},"folderId":null,"usages":["308404595"]},{"id":"user-image-home2.jpg","publicUrl":"np://user.desktop.nicepage.com/Site_401703647/images/home2.jpg","size":72635,"hash":"oWtFQSiiQs0oenStMAQvrG4OZBY=","fileName":"home2.jpg","name":"home2","width":1024,"height":685,"thumbnail":{"url":"np://user.desktop.nicepage.com/Site_401703647/images/thumbnails/home2.jpg","width":250,"height":167},"folderId":null,"usages":["308404595"]},{"id":"user-image-bulumata.jpg","publicUrl":"np://user.desktop.nicepage.com/Site_401703647/images/bulumata.jpg","size":67510,"hash":"FrkvUwyiF7VanNDm2xLINBwt/Ok=","fileName":"bulumata.jpg","name":"bulumata","width":752,"height":521,"thumbnail":{"url":"np://user.desktop.nicepage.com/Site_401703647/images/thumbnails/bulumata.jpg","width":250,"height":173},"folderId":null,"usages":["308404595"]},{"id":"user-image-antydankesalon2.png","publicUrl":"np://user.desktop.nicepage.com/Site_401703647/images/antydankesalon2.png","size":15280,"hash":"WlwHdaYiMLNfZI2Do4A9GDb1X/Y=","fileName":"antydankesalon2.png","name":"antydankesalon2","width":984,"height":500,"thumbnail":{"url":"np://user.desktop.nicepage.com/Site_401703647/images/thumbnails/antydankesalon2.png","width":250,"height":127},"folderId":null,"usages":[]},{"id":"user-image-antydankesalon.png","publicUrl":"np://user.desktop.nicepage.com/Site_401703647/images/antydankesalon.png","size":77154,"hash":"L1mMOuvztkv1x69/oVSStgHjaGI=","fileName":"antydankesalon.png","name":"antydankesalon","width":984,"height":500,"thumbnail":{"url":"np://user.desktop.nicepage.com/Site_401703647/images/thumbnails/antydankesalon.png","width":250,"height":127},"folderId":null,"usages":[]}]